1;"Mission Brewery";"San Diego";"CA"
2;"Center of the Universe Brewing C...";"Ashland";"VA"
3;"Speakasy Ales & Lagers";"San Francisco";"CA"
4;"Brewery Vivant";"Grand Rapids";"MI"
5;"Anchor Brewing Company";"San Francisco";"CA"
6;"Wolverine State Brewing Company";"Ann Arbor";"MI"
7;"Telluride Brewing Company";"Telluride";"CO"
8;"Chapman's Brewing";"Angola";"IN"
9;"Grimm Brothers Brewhouse";"Loveland";"CO"
10;"Hardywood Park Craft Brewery";"Richmond";"VA"
11;"Howard Brewing Company";"Lenoir";"NC"
12;"Vander Mill Ciders";"Spring Lake";"MI"
13;"Catawba Island Brewing";"Port Clinton";"OH"
14;"Cigar City Brewing Company";"Tampa";"FL"
15;"Fort Pitt Brewing Company";"Latrobe";"PA"
16;"Miami Brewing Company";"Miami";"FL"
17;"KelSo Beer Company";"Brooklyn";"NY"
18;"High Noon Saloon And Brewery";"Leavenworth";"KS"
19;"NoDa Brewing Company";"Charlotte";"NC"
20;"Shipyard Brewing Company";"Portland";"ME"
21;"Twisted X Brewing Company";"Dripping Springs";"TX"
22;"Southern Star Brewing Company";"Conroe";"TX"
23;"Kona Brewing Company";"Kona";"HI"
24;"The Black Tooth Brewing Company";"Sheridan";"WY"
25;"Ruhstaller Beer Company";"Sacramento";"CA"
26;"Tonka Beer Company";"Minnetonka";"MN"
27;"Big Choice Brewing";"Broomfield";"CO"
28;"Green Room Brewing";"Jacksonville";"FL"
29;"Cascadia Ciderworks United";"Portland";"OR"
30;"Chatham Brewing";"Chatham";"NY"
31;"Pug Ryan's Brewery";"Dillon";"CO"
32;"Mikerphone Brewing";"Chicago";"IL"
33;"La Cumbre Brewing Company";"Albuquerque";"NM"
34;"Aspen Brewing Company";"Aspen";"CO"
35;"Witch's Hat Brewing Company";"South Lyon";"MI"
36;"Pizza Port Brewing Company";"Carlsbad";"CA"
37;"Manzanita Brewing Company";"Santee";"CA"
38;"Buffalo Bayou Brewing Company";"Houston";"TX"
39;"Against The Grain Brewery";"Louisville";"KY"
40;"Big Wood Brewery";"Vadnais Heights";"MN"
41;"Two Beers Brewing Company";"Seattle";"WA"
42;"Rochester Mills Brewing Company";"Rochester";"MI"
43;"Due South Brewing Company";"Boynton Beach";"FL"
44;"Lost Nation Brewing";"East Fairfield";"VT"
45;"Seattle Cider Company";"Seattle";"WA"
46;"Horny Goat Brew Pub";"Milwaukee";"WI"
47;"Northwoods Brewpub";"Eau Claire";"WI"
48;"Indeed Brewing Company";"Minneapolis";"MN"
49;"The Lion Brewery";"Wilkes-Barre";"PA"
50;"Petoskey Brewing";"Petoskey";"MI"
51;"Worthy Brewing Company";"Bend";"OR"
52;"Fargo Brewing Company";"Fargo";"ND"
53;"Brew Bus Brewing";"Tampa";"FL"
54;"Crooked Fence Brewing Company";"Garden City";"ID"
55;"Angry Minnow Brewing Company";"Hayward";"WI"
56;"Jack's Hard Cider (Hauser Estate...";"Biglerville";"PA"
57;"Champion Brewing Company";"Charlottesville";"VA"
58;"Great Divide Brewing Company";"Denver";"CO"
59;"Cape Cod Beer";"Hyannis";"MA"
60;"Seven Brides Brewery";"Silverton";"OR"
61;"Coastal Empire Beer Company";"Savannah";"GA"
62;"Bozeman Brewing Company";"Bozeman";"MT"
63;"Uinta Brewing Company";"Salt Lake City";"UT"
64;"18th Street Brewery";"Gary";"IN"
65;"Summit Brewing Company";"St Paul";"MN"
66;"Blue Mountain Brewery";"Arrington";"VA"
67;"Uncle Billy's Brewery and Smokeh...";"Austin";"TX"
68;"Centennial Beer Company";"Edwards";"CO"
69;"Stillwater Artisanal Ales";"Baltimore";"MD"
70;"Manayunk Brewing Company";"Philadelphia";"PA"
71;"Latitude 42 Brewing Company";"Portage";"MI"
72;"Sprecher Brewing Company";"Glendale";"WI"
73;"New Republic Brewing Company";"College Station";"TX"
74;"Ale Asylum";"Madison";"WI"
75;"Lavery Brewing Company";"Erie";"PA"
76;"Ballast Point Brewing Company";"San Diego";"CA"
77;"Laughing Dog Brewing Company";"Ponderay";"ID"
78;"Pateros Creek Brewing Company";"Fort Collins";"CO"
79;"Angry Minnow";"Hayward";"WI"
80;"Night Shift Brewing";"Everett";"MA"
81;"White Flame Brewing Company";"Hudsonville";"MI"
82;"Bent Brewstillery";"Roseville";"MN"
83;"Blue Blood Brewing Company";"Lincoln";"NE"
84;"Dad & Dude's Breweria";"Aurora";"CO"
85;"Ipswich Ale Brewery";"Ipswich";"MA"
86;"Phoenix Ale Brewery";"Phoenix";"AZ"
87;"Engine 15 Brewing";"Jacksonville Beach";"FL"
88;"College Street Brewhouse and Pub";"Lake Havasu City";"AZ"
89;"Wingman Brewers";"Tacoma";"WA"
90;"Redstone Meadery";"Boulder";"CO"
91;"Hopworks Urban Brewery";"Portland";"OR"
92;"Airways Brewing Company";"Kent";"WA"
93;"Sanitas Brewing Company";"Boulder";"CO"
94;"High Hops Brewery";"Windsor";"CO"
95;"Smartmouth Brewing Company";"Norfolk";"VA"
96;"Pyramid Breweries";"Seattle";"WA"
97;"Boxcar Brewing Company";"West Chester";"PA"
98;"Uncommon Brewers";"Santa Cruz";"CA"
99;"Carolina Beer & Beverage";"Mooresville";"NC"
100;"North Country Brewing Company";"Slippery Rock";"PA"
101;"Dead Armadillo Craft Brewing";"Tulsa";"OK"
102;"Alaskan Brewing Company";"Juneau";"AK"
103;"Lucky Town Brewing Company";"Jackson";"MS"
104;"Shebeen Brewing Company";"Wolcott";"CT"
105;"Dundee Brewing Company";"Rochester";"NY"
106;"Ozark Beer Company";"Rogers";"AR"
107;"Flat 12 Bierwerks";"Indianapolis";"IN"
108;"Beer Works Brewery";"Lowell";"MA"
109;"Surly Brewing Company";"Brooklyn Center";"MN"
110;"Spring House Brewing Company";"Conestoga";"PA"
111;"Amnesia Brewing Company";"Washougal";"WA"
112;"Old Forge Brewing Company";"Danville";"PA"
113;"Thunderhead Brewing Company";"Kearney";"NE"
114;"Fate Brewing Company";"Boulder";"CO"
115;"Black Shirt Brewing Company";"Denver";"CO"
116;"Bauhaus Brew Labs";"Minneapolis";"MN"
117;"Two Brothers Brewing Company";"Warrenville";"IL"
118;"Freetail Brewing Company";"San Antonio";"TX"
119;"Bitter Root Brewing";"Hamilton";"MT"
120;"Lazy Monk Brewing";"Eau Claire";"WI"
121;"Four Corners Brewing Company";"Dallas";"TX"
122;"Silverton Brewery";"Silverton";"CO"
123;"Mudshark Brewing Company";"Lake Havasu City";"AZ"
124;"New Belgium Brewing Company";"Fort Collins";"CO"
125;"NorthGate Brewing";"Minneapolis";"MN"
126;"Gore Range Brewery";"Edwards";"CO"
127;"Big Sky Brewing Company";"Missoula";"MT"
128;"Occidental Brewing Company";"Portland";"OR"
129;"Destihl Brewery";"Bloomington";"IL"
130;"Fremont Brewing Company";"Seattle";"WA"
131;"Beach Brewing Company";"Virginia Beach";"VA"
132;"Grand Canyon Brewing Company";"Williams";"AZ"
133;"Lumberyard Brewing Company";"Flagstaff";"AZ"
134;"DC Brau Brewing Company";"Washington";"DC"
135;"Foolproof Brewing Company";"Pawtucket";"RI"
136;"Northwest Brewing Company";"Pacific";"WA"
137;"Notch Brewing Company";"Ipswich";"MA"
138;"Blackrocks Brewery";"Marquette";"MI"
139;"Summit Brewing Company";"St. Paul";"MN"
140;"Figueroa Mountain Brewing Company";"Buellton";"CA"
141;"Pikes Peak Brewing Company";"Monument";"CO"
142;"Capital Brewery";"Middleton";"WI"
143;"Alltech's Lexington Brewing Company";"Lexington";"KY"
144;"The Manhattan Brewing Company";"New York";"NY"
145;"Sunken City Brewing Company";"Hardy";"VA"
146;"Austin Beerworks";"Austin";"TX"
147;"New Orleans Lager & Ale Brewing ...";"New Orleans";"LA"
148;"Great Northern Brewing Company";"Whitefish";"MT"
149;"Daredevil Brewing Company";"Shelbyville";"IN"
150;"Wynkoop Brewing Company";"Denver";"CO"
151;"SweetWater Brewing Company";"Atlanta";"GA"
152;"Core Brewing & Distilling Company";"Springdale";"AR"
153;"Northampton Brewery";"Northamtpon";"MA"
154;"Long Trail Brewing Company";"Bridgewater Corners";"VT"
155;"Portside Brewery";"Cleveland";"OH"
156;"Tommyknocker Brewery";"Idaho Springs";"CO"
157;"Oakshire Brewing";"Eugene";"OR"
158;"Base Camp Brewing Co.";"Portland";"OR"
159;"Arctic Craft Brewery";"Colorado Springs";"CO"
160;"Pisgah Brewing Company";"Black Mountain";"NC"
161;"Morgan Street Brewery";"Saint Louis";"MO"
162;"Independence Brewing Company";"Austin";"TX"
163;"Mehana Brewing Co.";"Hilo";"HI"
164;"Bell's Brewery";"Kalamazoo";"MI"
165;"Two Henrys Brewing Company";"Plant City";"FL"
166;"Bonfire Brewing Company";"Eagle";"CO"
167;"Iron Hill Brewery & Restaurant";"Wilmington";"DE"
168;"Arcadia Brewing Company";"Battle Creek";"MI"
169;"Blackrocks Brewery";"Marquette";"MA"
170;"Kettle House Brewing Company";"Missoula";"MT"
171;"Mogollon Brewing Company";"Flagstaff";"AZ"
172;"BuckleDown Brewing";"Lyons";"IL"
173;"Flying Dog Brewery";"Frederick";"MD"
174;"Tamarack Brewing Company";"Lakeside";"MT"
175;"Christian Moerlein Brewing Company";"Cincinnati";"OH"
176;"SanTan Brewing Company";"Chandler";"AZ"
177;"Rogue Ales";"Newport";"OR"
178;"21st Amendment Brewery";"San Francisco";"CA"
179;"Seabright Brewery";"Santa Cruz";"CA"
180;"Joseph James Brewing Company";"Henderson";"NV"
181;"Back Forty Beer Company";"Gadsden";"AL"
182;"Greenbrier Valley Brewing Company";"Lewisburg";"WV"
183;"Wolf Hills Brewing Company";"Abingdon";"VA"
184;"Warbird Brewing Company";"Fort Wayne";"IN"
185;"Perrin Brewing Company";"Comstock Park";"MI"
186;"Terrapin Brewing Company";"Athens";"GA"
187;"2 Towns Ciderhouse";"Corvallis";"OR"
188;"Alameda Brewing";"Portland";"OR"
189;"Tractor Brewing Company";"Albuquerque";"NM"
190;"Burn 'Em Brewing";"Michigan City";"IN"
191;"Everybody's Brewing";"White Salmon";"WA"
192;"Mavericks Beer Company";"Half Moon Bay";"CA"
193;"7 Seas Brewing Company";"Gig Harbor";"WA"
194;"St. Julian Winery";"Paw Paw";"MI"
195;"Straub Brewery";"St Mary's";"PA"
196;"Fiddlehead Brewing Company";"Shelburne";"VT"
197;"Spiteful Brewing Company";"Chicago";"IL"
198;"Blue Dog Mead";"Eugene";"OR"
199;"Monkey Paw Pub & Brewery";"San Diego";"CA"
200;"The Mitten Brewing Company";"Grand Rapids";"MI"
201;"Sockeye Brewing Company";"Boise";"ID"
202;"Mother Earth Brewing Company";"Kinston";"NC"
203;"Black Tooth Brewing Company";"Sheridan";"WY"
204;"Odyssey Beerwerks";"Arvada";"CO"
205;"James Page Brewing Company";"Stevens Point";"WI"
206;"O'Fallon Brewery";"O'Fallon";"MO"
207;"Lonerider Brewing Company";"Raleigh";"NC"
208;"Red Hare Brewing Company";"Marietta";"GA"
209;"Kalona Brewing Company";"Kalona";"IA"
210;"Newburyport Brewing Company";"Newburyport";"MA"
211;"Geneva Lake Brewing Company";"Lake Geneva";"WI"
212;"Pipeworks Brewing Company";"Chicago";"IL"
213;"Crabtree Brewing Company";"Greeley";"CO"
214;"Cottrell Brewing";"Pawcatuck";"CT"
215;"Rivertowne Brewing Company";"Export";"PA"
216;"Asher Brewing Company";"Boulder";"CO"
217;"Grey Sail Brewing Company";"Westerly";"RI"
218;"Lancaster Brewing Company";"Lancaster";"PA"
219;"Big Elm Brewing";"Sheffield";"MA"
220;"Wormtown Brewery";"Worcester";"MA"
221;"Fort Point Beer Company";"San Francisco";"CA"
222;"Sierra Nevada Brewing Company";"Chico";"CA"
223;"Kulshan Brewery";"Bellingham";"WA"
224;"Uncle John's Fruit House Winery";"St. John's";"MI"
225;"Lost Rhino Brewing Company";"Ashburn";"VA"
226;"Platform Beer Company";"Cleveland";"OH"
227;"D.L. Geary Brewing Company";"Portland";"ME"
228;"Bent Paddle Brewing Company";"Duluth";"MN"
229;"Maui Brewing Company";"Lahaina";"HI"
230;"People's Brewing Company";"Lafayette";"IN"
231;"Hops & Grains Brewing Company";"Austin";"TX"
232;"Straight to Ale";"Huntsville";"AL"
233;"Back East Brewing Company";"Bloomfield";"CT"
234;"Asheville Brewing Company";"Asheville";"NC"
235;"Headlands Brewing Company";"Mill Valley";"CA"
236;"Harvest Moon Brewing Company";"Belt";"MT"
237;"Real Ale Brewing Company";"Blanco";"TX"
238;"Sea Dog Brewing Company";"Portland";"ME"
239;"Moat Mountain Smoke House & Brew...";"North Conway";"NH"
240;"Snake River Brewing Company";"Jackson";"WY"
241;"Jailbreak Brewing Company";"Laurel";"MD"
242;"Spilker Ales";"Cortland";"NE"
243;"Vault Brewing Company";"Yardley";"PA"
244;"Cambridge Brewing Company";"Cambridge";"MA"
245;"Deep Ellum Brewing Company";"Dallas";"TX"
246;"Big River Brewing Company";"Chattanooga";"TN"
247;"Union Craft Brewing";"Baltimore";"MD"
248;"Goodlife Brewing Co.";"Bend";"OR"
249;"Big Muddy Brewing";"Murphysboro";"IL"
250;"Golden Road Brewing";"Los Angeles";"CA"
251;"Westfield River Brewing Company";"Westfield";"MA"
252;"Tin Man Brewing Company";"Evansville";"IN"
253;"The Traveler Beer Company";"Burlington";"VT"
254;"BREWERY";"LOCATION";""
255;"Sly Fox Brewing Company";"Pottstown";"PA"
256;"Sherwood Forest Brewers";"Marlborough";"MA"
257;"Ciderboys";"Stevens Point";"WI"
258;"Bale Breaker Brewing Company";"Yakima";"WA"
259;"Palisade Brewing Company";"Palisade";"CO"
260;"Four Peaks Brewing Company";"Tempe";"AZ"
261;"Fat Head's Brewery";"Middleburg Heights";"OH"
262;"Cape Ann Brewing Company";"Gloucester";"MA"
263;"Madtree Brewing Company";"Cincinnati";"OH"
264;"Devil's Canyon Brewery";"Belmont";"CA"
265;"Great Raft Brewing Company";"Shreveport";"LA"
266;"Cutters Brewing Company";"Avon";"IN"
267;"River North Brewery";"Denver";"CO"
268;"Black Market Brewing Company";"Temecula";"CA"
269;"Narragansett Brewing Company";"Providence";"RI"
270;"Starr Hill Brewery";"Crozet";"VA"
271;"Peak Organic Brewing Company";"Portland";"ME"
272;"Saugatuck Brewing Company";"Douglas";"MI"
273;"10 Barrel Brewing Company";"Bend";"OR"
274;"Griffin Claw Brewing Company";"Birmingham";"MI"
275;"Lewis and Clark Brewing Company";"Helena";"MT"
276;"Breakside Brewery";"Portland";"OR"
277;"Ukiah Brewing Company";"Ukiah";"CA"
278;"Armadillo Ale Works";"Denton";"TX"
279;"Bare Hands Brewery";"Granger";"IN"
280;"Creature Comforts";"Athens";"GA"
281;"Bohemian Brewery";"Midvale";"UT"
282;"Sleeping Lady Brewing Company";"Anchorage";"AK"
283;"AC Golden Brewing Company";"Golden";"CO"
284;"Dolores River Brewery";"Dolores";"CO"
285;"Pedernales Brewing Company";"Fredericksburg";"TX"
286;"Emerald City Beer Company";"Seattle";"WA"
287;"7venth Sun";"Dunedin";"FL"
288;"Berkshire Brewing Company";"South Deerfield";"MA"
289;"Natian Brewery";"Portland";"OR"
290;"Pollyanna Brewing Company";"Lemont";"IL"
291;"Broken Tooth Brewing Company";"Anchorage";"AK"
292;"Epic Brewing";"Denver";"CO"
293;"Mammoth Brewing Company";"Mammoth Lakes";"CA"
294;"Brindle Dog Brewing Company";"Tampa Bay";"FL"
295;"Hangar 24 Craft Brewery";"Redlands";"CA"
296;"Confluence Brewing Company";"Des Moines";"IA"
297;"Newburgh Brewing Company";"Newburgh";"NY"
298;"Grey Sail Brewing of Rhode Island";"Westerly";"RI"
299;"Blue Owl Brewing";"Austin";"TX"
300;"West Sixth Brewing";"Lexington";"KY"
301;"The Right Brain Brewery";"Traverse City";"MI"
302;"Bold City Brewery";"Jacksonville";"FL"
303;"Rivertown Brewing Company";"Lockland";"OH"
304;"Warped Wing Brewing Company";"Dayton";"OH"
305;"Sixpoint Craft Ales";"Brooklyn";"NY"
306;"New South Brewing Company";"Myrtle Beach";"SC"
307;"Santa Fe Brewing Company";"Santa Fe";"NM"
308;"Wiseacre Brewing Company";"Memphis";"TN"
309;"Anderson Valley Brewing Company";"Boonville";"CA"
310;"Goose Island Brewing Company";"Chicago";"IL"
311;"Lucette Brewing Company";"Menominee";"WI"
312;"Pete's Brewing Company";"San Antonio";"TX"
313;"Evil Twin Brewing";"Brooklyn";"NY"
314;"Branchline Brewing Company";"San Antonio";"TX"
315;"Carton Brewing Company";"Atlantic Highlands";"NJ"
316;"Wachusett Brewing Company";"Westminster";"MA"
317;"Round Guys Brewing";"Lansdale";"PA"
318;"White Birch Brewing";"Hooksett";"NH"
319;"The Dudes' Brewing Company";"Torrance";"CA"
320;"Denali Brewing Company";"Talkeetna";"AK"
321;"Kirkwood Station Brewing Company";"Kirkwood";"MO"
322;"Schilling & Company";"Seattle";"WA"
323;"Grapevine Craft Brewery";"Farmers Branch";"TX"
324;"Texian Brewing Co.";"Richmond";"TX"
325;"Sietsema Orchards and Cider Mill";"Ada";"MI"
326;"Revolution Brewing Company";"Chicago";"IL"
327;"Boulder Beer Company";"Boulder";"CO"
328;"Oskar Blues Brewery (North Carol...";"Brevard";"NC"
329;"Good Life Brewing Company";"Bend";"OR"
330;"Upslope Brewing Company";"Boulder";"CO"
331;"Boulevard Brewing Company";"Kansas City";"MO"
332;"Crystal Springs Brewing Company";"Boulder";"CO"
333;"Moab Brewery";"Moab";"UT"
334;"Wild Wolf Brewing Company";"Nellysford";"VA"
335;"Redhook Brewery";"Woodinville";"WA"
336;"Claremont Craft Ales";"Claremont";"CA"
337;"Rahr & Sons Brewing Company";"Fort Worth";"TX"
338;"Widmer Brothers Brewing Company";"Portland";"OR"
339;"Hinterland Brewery";"Green Bay";"WI"
340;"Cheboygan Brewing Company";"Cheboygan";"MI"
341;"Taxman Brewing Company";"Bargersville";"IN"
342;"Peace Tree Brewing Company";"Knoxville";"IA"
343;"Mike Hess Brewing Company";"San Diego";"CA"
344;"Martin House Brewing Company";"Fort Worth";"TX"
345;"Wild Onion Brewing Company";"Lake Barrington";"IL"
346;"Oskar Blues Brewery";"Longmont";"CO"
347;"Central Coast Brewing Company";"San Luis Obispo";"CA"
348;"Firestone Walker Brewing Company";"Paso Robles";"CA"
349;"The Bronx Brewery";"Bronx";"NY"
350;"Denver Beer Company";"Denver";"CO"
351;"Harpoon Brewery";"Boston";"MA"
352;"Infamous Brewing Company";"Austin";"TX"
353;"Fort George Brewery";"Astoria";"OR"
354;"Boston Beer Company";"Boston";"MA"
355;"Blue Point Brewing Company";"Patchogue";"NY"
356;"Matt Brewing Company";"Utica";"NY"
357;"Keweenaw Brewing Company";"Houghton";"MI"
358;"Tampa Bay Brewing Company";"Tampa";"FL"
359;"Banner Beer Company";"Williamsburg";"MA"
360;"Cans Bar and Canteen";"Charlotte";"NC"
361;"Saint Archer Brewery";"San Diego";"CA"
362;"Minhas Craft Brewery";"Monroe";"WI"
363;"3 Daughters Brewing";"St Petersburg";"FL"
364;"Seventh Son Brewing Company";"Columbus";"OH"
365;"Breckenridge Brewery";"Denver";"CO"
366;"Jackie O's Pub & Brewery";"Athens";"OH"
367;"Deschutes Brewery";"Bend";"OR"
368;"Upstate Brewing Company";"Elmira";"NY"
369;"Tallgrass Brewing Company";"Manhattan";"KS"
370;"Founders Brewing Company";"Grand Rapids";"MI"
371;"Mustang Brewing Company";"Mustang";"OK"
372;"Four String Brewing Company";"Columbus";"OH"
373;"Frog Level Brewing Company";"Waynesville";"NC"
374;"Renegade Brewing Company";"Denver";"CO"
375;"Kenai River Brewing Company";"Soldotna";"AK"
376;"Santa Cruz Mountain Brewing";"Santa Cruz";"CA"
377;"Flying Mouse Brewery";"Troutville";"VA"
378;"Finch's Beer Company";"Chicago";"IL"
379;"Aviator Brewing Company";"Fuquay-Varina";"NC"
380;"Southampton Publick House";"Southampton";"NY"
381;"Cedar Creek Brewery";"Seven Points";"TX"
382;"Heavy Seas Beer";"Halethorpe";"MD"
383;"Tapistry Brewing";"Bridgman";"MI"
384;"Weston Brewing Company";"Weston";"MO"
385;"Two Roads Brewing Company";"Stratford";"CT"
386;"Stillmank Beer Company";"Green Bay";"WI"
387;"Bolero Snort Brewery";"Ridgefield Park";"NJ"
388;"Burnside Brewing Co.";"Portland";"OR"
389;"RoughTail Brewing Company";"Midwest City";"OK"
390;"Birdsong Brewing Company";"Charlotte";"NC"
391;"Aslan Brewing Company";"Bellingham";"WA"
392;"Stevens Point Brewery";"Stevens Point";"WI"
393;"Bomb Beer Company";"New York";"NY"
394;"Modern Times Beer";"San Diego";"CA"
395;"Temperance Beer Company";"Evanston";"IL"
396;"Forgotten Boardwalk";"Cherry Hill";"NJ"
397;"Dry Dock Brewing Company";"Aurora";"CO"
398;"Baxter Brewing Company";"Lewiston";"ME"
399;"Intuition Ale Works";"Jacksonville";"FL"
400;"Three Creeks Brewing";"Sisters";"OR"
401;"Devil's Backbone Brewing Company";"Lexington";"VA"
402;"The Just Beer Project";"Burlington";"VT"
403;"Downeast Cider House";"Leominster";"MA"
404;"COOP Ale Works";"Oklahoma City";"OK"
405;"Orlison Brewing Company";"Airway Heights";"WA"
406;"Lift Bridge Brewing Company";"Stillwater";"MN"
407;"Otter Creek Brewing";"Middlebury";"VT"
408;"Flesk Brewing Company";"Lombard";"IL"
409;"Voodoo Brewery";"Meadville";"PA"
410;"Marble Brewery";"Albuquerque";"NM"
411;"SlapShot Brewing Company";"Chicago";"IL"
412;"Gonzo's BiggDogg Brewing";"Kalamazoo";"MI"
413;"Coalition Brewing Company";"Portland";"OR"
414;"Oasis Texas Brewing Company";"Austin";"TX"
415;"Hawai'i Nui Brewing Co.";"Hilo";"HI"
416;"Butternuts Beer and Ale";"Garrattsville";"NY"
417;"Refuge Brewery";"Temecula";"CA"
418;"Southern Prohibition Brewing Com...";"Hattiesburg";"MS"
419;"Red Shedman Farm Brewery and Hop...";"Mt. Airy";"MD"
420;"Nebraska Brewing Company";"Papillion";"NE"
421;"South Austin Brewery";"South Austin";"TX"
422;"Macon Beer Company";"Macon";"GA"
423;"MillKing It Productions";"Royal Oak";"MI"
424;"Buckbean Brewing Company";"Reno";"NV"
425;"Krebs Brewing Company (Pete's Pl...";"Krebs";"OK"
426;"Flat Rock Brewing Company";"Smithton";"PA"
427;"Atwater Brewery";"Detroit";"MI"
428;"Coastal Extreme Brewing Company";"Newport";"RI"
429;"Great Crescent Brewery";"Aurora";"IN"
430;"Catawba Valley Brewing Company";"Morganton";"NC"
431;"Liquid Hero Brewery";"York";"PA"
432;"Okoboji Brewing Company";"Spirit Lake";"IA"
433;"Fullsteam Brewery";"Durham";"NC"
434;"Blue Hills Brewery";"Canton";"MA"
435;"Southern Oregon Brewing Company";"Medford";"OR"
436;"Mountain Town Brewing Company";"Mount Pleasant";"MI"
437;"4 Hands Brewing Company";"Saint Louis";"MO"
438;"Red Tank Cider Company";"Bend";"OR"
439;"Fearless Brewing Company";"Estacada";"OR"
440;"Dock Street Brewery";"Philadelphia";"PA"
441;"Eddyline Brewery & Restaurant";"Buena Vista";"CO"
442;"Hops & Grain Brewery";"Austin";"TX"
443;"Hop Farm Brewing Company";"Pittsburgh";"PA"
444;"Tröegs Brewing Company";"Hershey";"PA"
445;"Mikkeller";"Pottstown";"PA"
446;"Woodchuck Hard Cider";"Middlebury";"VT"
447;"Ska Brewing Company";"Durango";"CO"
448;"Four Horsemen Brewing Company";"South Bend";"IN"
449;"Thomas Hooker Brewing Company";"Bloomfield";"CT"
450;"Carolina Brewery";"Pittsboro";"NC"
451;"Engine House 9";"Tacoma";"WA"
452;"Quest Brewing Company";"Greenville";"SC"
453;"Woodstock Inn, Station & Brewery";"North Woodstock";"NH"
454;"Brewery Terra Firma";"Traverse City";"MI"
455;"Neshaminy Creek Brewing Company";"Croydon";"PA"
456;"Barrio Brewing Company";"Tucson";"AZ"
457;"Astoria Brewing Company";"Astoria";"OR"
458;"Sly Fox Brewing Company";"Phoenixville";"PA"
459;"The Alchemist";"Waterbury";"VT"
460;"Rhinegeist Brewery";"Cincinnati";"OH"
461;"Milwaukee Brewing Company";"Milwaukee";"WI"
462;"Mickey Finn's Brewery";"Libertyville";"IL"
463;"Good People Brewing Company";"Birmingham";"AL"
464;"Oskar Blues Brewery";"Lyons";"CO"
465;"Four Fathers Brewing";"Valparaiso";"IN"
466;"Otter Creek Brewing";"Waterbury";"VT"
467;"Hilliard's Beer";"Seattle";"WA"
468;"Avery Brewing Company";"Boulder";"CO"
469;"Marshall Wharf Brewing Company";"Belfast";"ME"
470;"Meckley's Cidery";"Somerset Center";"MI"
471;"Butcher's Brewing";"Carlsbad";"CA"
472;"Evil Czech Brewery";"Mishawaka";"IN"
473;"Appalachian Mountain Brewery";"Boone";"NC"
474;"Wildwood Brewing Company";"Stevensville";"MT"
475;"Jackalope Brewing Company";"Nashville";"TN"
476;"Anthem Brewing Company";"Oklahoma City";"OK"
477;"Mother Earth Brew Company";"Vista";"CA"
478;"Abita Brewing Company";"Abita Springs";"LA"
479;"Lucette Brewing Company";"Menominie";"WI"
480;"Black Acre Brewing Co.";"Indianapolis";"IN"
481;"French Broad Brewery";"Asheville";"NC"
482;"Wisconsin Brewing Company";"Verona";"WI"
483;"Three Pints Brewing";"Martinsville";"IN"
484;"Swashbuckler Brewing Company";"Manheim";"PA"
485;"Defiance Brewing Company";"Hays";"KS"
486;"Hess Brewing Company";"San Diego";"CA"
487;"Brooklyn Brewery";"Brooklyn";"NY"
488;"Borderlands Brewing Company";"Tucson";"AZ"
489;"Catawba Brewing Company";"Morganton";"NC"
490;"Mother's Brewing";"Springfield";"MO"
491;"Magic Hat Brewing Company";"South Burlington";"VT"
492;"Karbach Brewing Company";"Houston";"TX"
493;"Rising Tide Brewing Company";"Portland";"ME"
494;"Twin Lakes Brewing Company";"Greenville";"DE"
495;"Orpheus Brewing";"Atlanta";"GA"
496;"Covington Brewhouse";"Covington";"LA"
497;"Prescott Brewing Company";"Prescott";"AZ"
498;"Modern Monks Brewery";"Lincoln";"NE"
499;"Tin Roof Brewing Company";"Baton Rouge";"LA"
500;"Stone Coast Brewing Company";"Portland";"ME"
501;"Goose Island Brewery Company";"Chicago";"IL"
502;"King Street Brewing Company";"Anchorage";"AK"
503;"Three Notch'd Brewing Company";"Charlottesville";"VA"
504;"Triangle Brewing Company";"Durham";"NC"
505;"Revolution Brewing";"Paonia";"CO"
506;"Third Street Brewhouse";"Cold Spring";"MN"
507;"Big Bend Brewing Company";"Alpine";"TX"
508;"Roanoke Railhouse Brewery";"Roanoke";"VA"
509;"Payette Brewing Company";"Garden City";"ID"
510;"Montauk Brewing Company";"Montauk";"NY"
511;"Right Brain Brewery";"Traverse City";"MI"
512;"COAST Brewing Company";"Charleston";"SC"
513;"Broad Brook Brewing LLC";"East Windsor";"CT"
514;"Piney River Brewing Company";"Bucryus";"MO"
515;"Schlafly Brewing Company";"Saint Louis";"MO"
516;"Upland Brewing Company";"Bloomington";"IN"
517;"Armstrong Brewing Company";"South San Francisco";"CA"
518;"The Brewer's Art";"Baltimore";"MD"
519;"450 North Brewing Company";"Columbus";"IN"
520;"Hale's Ales";"Seattle";"WA"
521;"Brew Link Brewing";"Plainfield";"IN"
522;"Dirty Bucket Brewing Company";"Woodinville";"WA"
523;"Wind River Brewing Company";"Pinedale";"WY"
524;"Big Lake Brewing";"Holland";"MI"
525;"Crazy Mountain Brewing Company";"Edwards";"CO"
526;"Sun King Brewing Company";"Indianapolis";"IN"
527;"Caldera Brewing Company";"Ashland";"OR"
528;"Steamworks Brewing Company";"Durango";"CO"
529;"Elevator Brewing Company";"Columbus";"OH"
530;"New England Brewing Company";"Woodbridge";"CT"
531;"Indiana City Brewing";"Indianapolis";"IN"
532;"Against the Grain Brewery";"Louisville";"KY"
533;"Frankenmuth Brewery";"Frankenmuth";"MI"
534;"Hop Valley Brewing Company";"Springfield";"OR"
535;"Swamp Head Brewery";"Gainesville";"FL"
536;"Crow Peak Brewing Company";"Spearfish";"SD"
537;"Half Full Brewery";"Stamford";"CT"
538;"Utah Brewers Cooperative";"Salt Lake City";"UT"
539;"Midnight Sun Brewing Company";"Anchorage";"AK"
540;"Big Storm Brewing Company";"Odessa";"FL"
541;"Angry Orchard Cider Company";"Cincinnati";"OH"
542;"Westbrook Brewing Company";"Mt. Pleasant";"SC"
543;"Glabrous Brewing Company";"Pineland";"ME"
544;"Pine Street Brewery";"San Francisco";"CA"
545;"Lone Tree Brewing Company";"Lone Tree";"CO"
546;"Blue Mountain Brewery";"Afton";"VA"
547;"Churchkey Can Company";"Seattle";"WA"
548;"Slanted Rock Brewing Company";"Meridian";"ID"
549;"Cisco Brewers";"Nantucket";"MA"
550;"Jack's Abby Craft Lagers";"Framingham";"MA"
551;"Dick's Brewing Company";"Centralia";"WA"
552;"Buckeye Brewing";"Cleveland";"OH"
553;"Dave's Brewfarm";"Wilson";"WI"
554;"Twisted Pine Brewing Company";"Boulder";"CO"
555;"Great River Brewery";"Davenport";"IA"
556;"TailGate Beer";"San Diego";"CA"
557;"MacTarnahans Brewing Company";"Portland";"OR"
558;"Half Acre Beer Company";"Chicago";"IL"
559;"David's Ale Works";"Diamond Springs";"CA"